run_key,run_json_sha256
regional_fairness_development_medium_large__rho__0__medium_large__seed_120__robust_regional_fairness,8C60C5954F9CFD016AA7A5AE8758A3005FB48124931AEE75A81DFD8FC82A3663
regional_fairness_development_medium_large__rho__0__medium_large__seed_121__robust_regional_fairness,C1858CEC40B915CF2E1CFA9029D7803EBC2DA6A68FE4889F7637B7FE271EABCA
regional_fairness_development_medium_large__rho__0__medium_large__seed_122__robust_regional_fairness,02A6539B850BC8AEC6135A4F8EE8EEED215B1A326EAD2F6A1A19C1301DF65BAE
regional_fairness_development_medium_large__rho__0__medium_large__seed_123__robust_regional_fairness,9BA3E8CECB3BB0407463AF9A761A8B014C9E56C66CD79D5416EF2D3CA27C8F82
regional_fairness_development_medium_large__rho__0__medium_large__seed_124__robust_regional_fairness,AEB9F33054BFF55F2790696E359019060076953E74C23797D93A354B60B3D413
regional_fairness_development_medium_large__rho__0__medium_large__seed_125__robust_regional_fairness,A7C82A93BACF405DC0E07FF72EF4B750F081C78B9627A33CF4DABA8D40FFC84F
regional_fairness_development_medium_large__rho__0__medium_large__seed_126__robust_regional_fairness,B48A9FAFC963F753740FD7BAC61D75B8BBD1F42CDB4B97BEDA40D35736900EEA
regional_fairness_development_medium_large__rho__0__medium_large__seed_127__robust_regional_fairness,EE5149C4247EE03F91DC057CF091DFD5E479411A65A60B598572A9EA4BB6A3C2
regional_fairness_development_medium_large__rho__0__medium_large__seed_128__robust_regional_fairness,09489B8A4BC9C1BF17BEC82E878266EF3F08B5CF8603DFE3ED444C01D61803E0
regional_fairness_development_medium_large__rho__0__medium_large__seed_129__robust_regional_fairness,CB461ED6F0871C366423E7E3E2744E06D65BF3B1A083F21A66E0C539190787F5
regional_fairness_development_medium_large__rho__0_01__medium_large__seed_120__robust_regional_fairness,2BA4D222F8B2231BAFAE6E4D770E8C5C77F884EC40E80A830A6A8729C6FB4977
regional_fairness_development_medium_large__rho__0_01__medium_large__seed_121__robust_regional_fairness,FA4D1D3D1FA6FEF8B1FBBF089C5D1A00CA83839AFA0D35A69486B4B1847BD235
regional_fairness_development_medium_large__rho__0_01__medium_large__seed_122__robust_regional_fairness,30AD7419B2040FA136C95CE214A85CA8CA698ED271BED95386C4FBE6812FD406
regional_fairness_development_medium_large__rho__0_01__medium_large__seed_123__robust_regional_fairness,719F63EE018AF357311871ACB5F47CF702C21959D98DC397BE658262B3B5D1F8
regional_fairness_development_medium_large__rho__0_01__medium_large__seed_124__robust_regional_fairness,91BED42E8B957E67E8F8984D7385EC726D212DBFAA3C6B18C420AE99BB0E400A
regional_fairness_development_medium_large__rho__0_01__medium_large__seed_125__robust_regional_fairness,9AB6996F28B69C4A75B8B391E9590640352A0E559A3C84C24713EEDD507E06E1
regional_fairness_development_medium_large__rho__0_01__medium_large__seed_126__robust_regional_fairness,A3A146407C9ECEDED672B3D06BFE972034BD730952E2253F67D3A29ADF373CC5
regional_fairness_development_medium_large__rho__0_01__medium_large__seed_127__robust_regional_fairness,9C2BED5C3FB69E5126C9664F95E415CA7125A451961A5DA495E2B213AEF13DB9
regional_fairness_development_medium_large__rho__0_01__medium_large__seed_128__robust_regional_fairness,122E8B3D26ED4194C4CEFE0B3CAD001A9E32823F98CD6713B6089CD497A261C1
regional_fairness_development_medium_large__rho__0_01__medium_large__seed_129__robust_regional_fairness,CB6E792B1826F61728CF70AAB178C0930A332AA4C46B55E6FFB5572ABCB43846
regional_fairness_development_medium_large__rho__0_025__medium_large__seed_120__robust_regional_fairness,491C774240A3C057DC45A021DB01456D4A50D20D296A9B64B783B31E8A5D3DB8
regional_fairness_development_medium_large__rho__0_025__medium_large__seed_121__robust_regional_fairness,BA603BA3689DC00ECD7DB1C54670A2BD8319D120AD3E40489275D0D4A75990F8
regional_fairness_development_medium_large__rho__0_025__medium_large__seed_122__robust_regional_fairness,9F0967679058913BD847B8DC5D843A1581C784E0CDA55FA0A4F456C763197C61
regional_fairness_development_medium_large__rho__0_025__medium_large__seed_123__robust_regional_fairness,B28157B6F902091BCD3812B45EDCA1C2C725AEEBDE35D4D4E754C8568FB7FD4D
regional_fairness_development_medium_large__rho__0_025__medium_large__seed_124__robust_regional_fairness,265F89D6C01F5ABE6D7C1ACA1FEF0355674653798D51F127E794A96DC8D5C93C
regional_fairness_development_medium_large__rho__0_025__medium_large__seed_125__robust_regional_fairness,D4A6AD4286AD30BCB8BD2AB9B450EFF65B150C93B284D238217B4771D48424C3
regional_fairness_development_medium_large__rho__0_025__medium_large__seed_126__robust_regional_fairness,B89D89467D079055661BB0093BF771F3C15C5AB46ED164F3C8BE7DC237FE6C40
regional_fairness_development_medium_large__rho__0_025__medium_large__seed_127__robust_regional_fairness,4804F68BF52D0A1B1687A53EFD37911B3276350A937227CAE9EB55B21DED0D4B
regional_fairness_development_medium_large__rho__0_025__medium_large__seed_128__robust_regional_fairness,E185ED09C7A171FEE7CCB34E426B19614F3BB2796D930952CCFFCA7389FA64B1
regional_fairness_development_medium_large__rho__0_025__medium_large__seed_129__robust_regional_fairness,1803D5481FEFD62E041EDC06B6EB08CF2DDACABC52E6C38C3D76F2C5923C211E
regional_fairness_development_medium_large__rho__0_05__medium_large__seed_120__robust_regional_fairness,F61A60E5A068179214087B8A899CB7E07FB2330F5CC36F0D53636531C9287C38
regional_fairness_development_medium_large__rho__0_05__medium_large__seed_121__robust_regional_fairness,9C3050F86AA5A4A1AD37E65D724A36CD96A71567342AFBC1E8FC1ED92086722B
regional_fairness_development_medium_large__rho__0_05__medium_large__seed_122__robust_regional_fairness,62EA345D23A115C17D9DA30876BC4BAFAD8D5DAA5CFDC858AA9D88E1C6DBF0FD
regional_fairness_development_medium_large__rho__0_05__medium_large__seed_123__robust_regional_fairness,8FD1214E23F9E532F074C8C757A730C630EDBE8DD15DD84C8EF06145A5CD255D
regional_fairness_development_medium_large__rho__0_05__medium_large__seed_124__robust_regional_fairness,CFA12C938B33A48CFB5A511626B242AA0242BBEDD6622ABDEF3CF3A5965FD8B5
regional_fairness_development_medium_large__rho__0_05__medium_large__seed_125__robust_regional_fairness,5622ED04BEA8D1A6C03F621E03F3F034E3B74DB36131EDEBB767D7163959DF72
regional_fairness_development_medium_large__rho__0_05__medium_large__seed_126__robust_regional_fairness,F74736E9A395919B549054D080D9B129AD2DCDD5D3B692B0AF6859BA29852764
regional_fairness_development_medium_large__rho__0_05__medium_large__seed_127__robust_regional_fairness,C7BB4F6BEBE1AC2D9047186EFF95F32356027B2D0D5F4318D928C2486FDE27FC
regional_fairness_development_medium_large__rho__0_05__medium_large__seed_128__robust_regional_fairness,E0D82A377875C0B09DBD18FA06E330D056614F9594139B5C6AFDA52D080EC747
regional_fairness_development_medium_large__rho__0_05__medium_large__seed_129__robust_regional_fairness,033874D7B8BF71ABEF7B1960BBD1A380A831D48EB5545B7A105E4BB340215297
regional_fairness_development_medium_large__rho__0_1__medium_large__seed_120__robust_regional_fairness,EBFEB3F1DA98DD67FE4A6514BEEAFC1A335727E73D2907066C66D60E43E6903B
regional_fairness_development_medium_large__rho__0_1__medium_large__seed_121__robust_regional_fairness,B13F2EA056172D6DB4E55AA85D2696FF02222DCC186546BDFC35ABE4CDF0ED89
regional_fairness_development_medium_large__rho__0_1__medium_large__seed_122__robust_regional_fairness,4BE98227303D0437754ED5ECF86709F4A05D9539E81A113FA70F21B23DB6D9F9
regional_fairness_development_medium_large__rho__0_1__medium_large__seed_123__robust_regional_fairness,CCFAD1B4444B0480B6ADA8E641C3762A52A3AF2450013A2ED6ED2F0152554522
regional_fairness_development_medium_large__rho__0_1__medium_large__seed_124__robust_regional_fairness,500319FF4C1193ECDDCADF77D98BE7AFE7DC18B81614574E9B26BC93646CE3D1
regional_fairness_development_medium_large__rho__0_1__medium_large__seed_125__robust_regional_fairness,B2740EF8FB33C63326808F2BCD4E00048C447F35FA33950E545350E23F76FB84
regional_fairness_development_medium_large__rho__0_1__medium_large__seed_126__robust_regional_fairness,16282AEA841FA9535905A2F81586A4A13ADFA51E136A16D148B6096B8CB91D57
regional_fairness_development_medium_large__rho__0_1__medium_large__seed_127__robust_regional_fairness,AA95D4D0B07F1EB907F03F19CF9BA1EAF6DF0C5057DFAF0621030EBA757706EE
regional_fairness_development_medium_large__rho__0_1__medium_large__seed_128__robust_regional_fairness,56C87E28C3E7E4F978E895E711A4AF69058C082BC828F86F53BD07B27A3DD5CF
regional_fairness_development_medium_large__rho__0_1__medium_large__seed_129__robust_regional_fairness,F3F2E199A64EF5A033F0AA56DFAD1F249B38E2581FDB102D898DEF1DCE782834
regional_fairness_development_medium_large__stage__baseline__medium_large__seed_120__joint_v1_core_point_strengthened,5A2A4C80270A56311A78263C3E65040E3B3FA21F233C47E60D2503AC15510588
regional_fairness_development_medium_large__stage__baseline__medium_large__seed_121__joint_v1_core_point_strengthened,5A91FDB550387B12BDE047654BB7B17179E1895D510DA8212888D7FDA61EC0BE
regional_fairness_development_medium_large__stage__baseline__medium_large__seed_122__joint_v1_core_point_strengthened,ED84E4A05CFC43E6FF938B800BEEE175A7294D02296D911C03115C2D704A9992
regional_fairness_development_medium_large__stage__baseline__medium_large__seed_123__joint_v1_core_point_strengthened,8E34DE7300C733573155346F09214409FDD3A42531A0FB2B58F96998D59C2A6F
regional_fairness_development_medium_large__stage__baseline__medium_large__seed_124__joint_v1_core_point_strengthened,5D82DB7C63688042F582BDB4FDA043826074AAD2DA96A99E8F2E597E226E7C6A
regional_fairness_development_medium_large__stage__baseline__medium_large__seed_125__joint_v1_core_point_strengthened,FE5D6D5A2CB144042F4C545908D97B09360991E0571E4E7348A13A455A5D1D40
regional_fairness_development_medium_large__stage__baseline__medium_large__seed_126__joint_v1_core_point_strengthened,B90EA29FDE64DF17A1434771F1EB08C2A5D0050792FE94FEF4BAFBA78D5AB3F4
regional_fairness_development_medium_large__stage__baseline__medium_large__seed_127__joint_v1_core_point_strengthened,3E41980693A16EA0F9E84B1EFF09C40829BBFA022E630FE38C70F567F9C526D2
regional_fairness_development_medium_large__stage__baseline__medium_large__seed_128__joint_v1_core_point_strengthened,ADD41F8B95F90CE7A0E61B2096A8261A0E22F3C627E2378F51F8AF64564C32FE
regional_fairness_development_medium_large__stage__baseline__medium_large__seed_129__joint_v1_core_point_strengthened,7B02F07FA221FC0E274A8D9A58BE828E0A697E33E7AD994783DD9CDBEEA1F166
